comparison,chisq,df,p_value
Treatment group,0.00822734320235077,1,0.9277272333400737
Performance status (Karnofsky >= 70 vs < 70),20.264029261484513,1,6.74569807290748e-6
Cell type (4 groups),25.403700345785357,3,1.2712459390051833e-5
Prior therapy,0.5013826514666475,1,0.4788932263513368
