model,concordance,se
Basic,0.5136869604725125,0.029272882375946396
Clinical,0.7384143571104044,0.021038383228326022
Full,0.7360290776919582,0.0211701176840957
