variable,chisq,df,p
treatment,1.0811761012616754,1,0.2984346030606899
age,2.462069167947622,1,0.11662505865200176
diagtime,0.043440586967604666,1,0.834897875056746
prior_therapy,1.0338207704869826,1,0.3092629649119469
GLOBAL,6.692389114430984,4,0.15306480128874822
