variable,chisq,df,p,assumption_met
treatment,0.2643888357542695,1,0.6071208718824679,Yes
age,1.8288266094159846,1,0.17626620341481722,Yes
karno,12.935197828746778,1,3.224611573996264e-4,No — violation detected
cell_type,15.227363923878286,3,0.0016323069679711568,No — violation detected
diagtime,0.012889370707192057,1,0.909609298611899,Yes
prior_therapy,2.165566330367231,1,0.14113261889950918,Yes
GLOBAL,34.55249110573283,8,3.2251934881081085e-5,No — violation detected
