auc,ci_lower,ci_upper
0.8122332111748048,0.7962892530242135,0.8281771693253867
