low_birth_weight,n,mean_age,sd_age,median_age,mean_maternal_weight,sd_maternal_weight,median_maternal_weight,pct_smoking,pct_hypertension,pct_uterine_irritability,pct_previous_preterm,pct_black,pct_other_race
Normal birth weight,130,23.661538461538463,5.584521585213772,23,133.3,31.724015797098787,123.5,33.84615384615385,3.8461538461538463,10.76923076923077,9.230769230769232,11.538461538461538,32.30769230769231
Low birth weight,59,22.305084745762713,4.5114958039707895,22,122.13559322033899,26.559275038869153,120,50.847457627118644,11.864406779661017,23.728813559322035,30.508474576271187,18.64406779661017,42.3728813559322
